context,question,answer
"The Irish Design Engineering and Advanced Manufacturing (IDEAM) Research Institute, led by Dr John Cosgrove, is focused on the research and development of data-driven solutions for Industry. With core expertise in Engineering, Energy, Electronics, Informatics and Manufacturing, IDEAM is a comprehensive, multi-disciplinary institute focused on the development of excellence in research, collaborative research projects and regional training & skills that can deliver impactful research and innovation.The Research Institute has an extensive industry support base across Ireland, is currently collaborating on 24 industry-based research projects, and is directly supported by a strong ecosystem of 65 actively engaged companies who have contributed to the definition and growth of this research area.",Why is the Irish Design Engineering and Advanced Manufacturing (IDEAM) Research Institute focused on the development of data-driven solutions for Industry?,"focused on the development of excellence in research, collaborative research projects and regional training & skills that can deliver impactful research and innovation"
"The Irish Design Engineering and Advanced Manufacturing (IDEAM) Research Institute, led by Dr John Cosgrove, is focused on the research and development of data-driven solutions for Industry. With core expertise in Engineering, Energy, Electronics, Informatics and Manufacturing, IDEAM is a comprehensive, multi-disciplinary institute focused on the development of excellence in research, collaborative research projects and regional training & skills that can deliver impactful research and innovation.The Research Institute has an extensive industry support base across Ireland, is currently collaborating on 24 industry-based research projects, and is directly supported by a strong ecosystem of 65 actively engaged companies who have contributed to the definition and growth of this research area.",What are the core competencies of the Irish Design Engineering and Advanced Manufacturing (IDEAM) Research Institute?,"Engineering, Energy, Electronics, Informatics and Manufacturing"
"The Irish Design Engineering and Advanced Manufacturing (IDEAM) Research Institute, led by Dr John Cosgrove, is focused on the research and development of data-driven solutions for Industry. With core expertise in Engineering, Energy, Electronics, Informatics and Manufacturing, IDEAM is a comprehensive, multi-disciplinary institute focused on the development of excellence in research, collaborative research projects and regional training & skills that can deliver impactful research and innovation.The Research Institute has an extensive industry support base across Ireland, is currently collaborating on 24 industry-based research projects, and is directly supported by a strong ecosystem of 65 actively engaged companies who have contributed to the definition and growth of this research area.",Where is the Irish Design Engineering and Advanced Manufacturing Research Institute located?,Ireland
"The IDEAM Research Institute proudly showcases its impact through measurable achievements. With over €15 million in annual research funding, we drive transformative advancements in science and technology. Our 150+ impactful projects span diverse fields, collaborating with over 100 trusted industry partners and leading researchers.Through 65+ high-quality publications in renowned journals and conferences, we ensure our research contributes to global innovation and knowledge-sharing. Explore how our collaborative efforts and cutting-edge initiatives are shaping the future across industries.",Why is the IDEAM Research Institute proud to showcase its impact through measurable achievements?,With over €15 million in annual research funding
"The IDEAM Research Institute proudly showcases its impact through measurable achievements. With over €15 million in annual research funding, we drive transformative advancements in science and technology. Our 150+ impactful projects span diverse fields, collaborating with over 100 trusted industry partners and leading researchers.Through 65+ high-quality publications in renowned journals and conferences, we ensure our research contributes to global innovation and knowledge-sharing. Explore how our collaborative efforts and cutting-edge initiatives are shaping the future across industries.",What is the full name of the organization that IDEAM Research Institute is a part of?,IDEAM Research Institute
"The IDEAM Research Institute proudly showcases its impact through measurable achievements. With over €15 million in annual research funding, we drive transformative advancements in science and technology. Our 150+ impactful projects span diverse fields, collaborating with over 100 trusted industry partners and leading researchers.Through 65+ high-quality publications in renowned journals and conferences, we ensure our research contributes to global innovation and knowledge-sharing. Explore how our collaborative efforts and cutting-edge initiatives are shaping the future across industries.",What is the name of the institute that drives transformative advancements in science and technology?,IDEAM Research Institute
"IDEAM Institute pioneers innovative research in science and technology. We collaborate with academic, industry, and government partners to develop groundbreaking solutions, led by our dedicated multidisciplinary teams.",What is the name of the institute that pioneers innovative research in science and technology?,IDEAM Institute
"IDEAM Institute pioneers innovative research in science and technology. We collaborate with academic, industry, and government partners to develop groundbreaking solutions, led by our dedicated multidisciplinary teams.",Why is IDEAM Institute a pioneer in science and technology?,"We collaborate with academic, industry, and government partners to develop groundbreaking solutions, led by our dedicated multidisciplinary teams"
"We offer PhD, Masters, and Certificate programs to cultivate future professionals. Our hands-on workshops, seminars, and apprenticeships provide real-world experience and expert knowledge sharing.",What kind of programs are offered?,"PhD, Masters, and Certificate programs"
"We offer PhD, Masters, and Certificate programs to cultivate future professionals. Our hands-on workshops, seminars, and apprenticeships provide real-world experience and expert knowledge sharing.",What kind of programs do they offer to cultivate future professionals?,"PhD, Masters, and Certificate"
"We offer PhD, Masters, and Certificate programs to cultivate future professionals. Our hands-on workshops, seminars, and apprenticeships provide real-world experience and expert knowledge sharing.",What are some of the programs offered by this company?,"PhD, Masters, and Certificate programs"
"IDEAM provides expert support in data analytics, biotechnology, and environmental science. We deliver customised solutions and form strategic partnerships to drive mutual innovation and success.",Why is IDEAM important to the company?,customised solutions and form strategic partnerships to drive mutual innovation and success
"IDEAM provides expert support in data analytics, biotechnology, and environmental science. We deliver customised solutions and form strategic partnerships to drive mutual innovation and success.","What is the name of the company that provides expert support in data analytics, biotechnology, and environmental science?",IDEAM
We assist in securing research funding with grant writing support and financial backing for innovative projects. Our scholarships and fellowships support students and early-career researchers.,What is the purpose of this article?,Research funding and funding for innovative projects.
We assist in securing research funding with grant writing support and financial backing for innovative projects. Our scholarships and fellowships support students and early-career researchers.,What is the name of the organization that assists in securing research funding with grant writing support and financial backing for innovative projects?,National Association of Colleges and Schools of the Arts
Explore our Digitalisation Case Studies Showcasing how Businesses are Leveraging Technology to Innovatr and Drive Efficiency,What are some examples of how companies are using technology to innovate and drive efficiency?,Digitalisation Case Studies Showcasing how Businesses are Leveraging Technology to Innovatr and Drive Efficiency
Explore our Digitalisation Case Studies Showcasing how Businesses are Leveraging Technology to Innovatr and Drive Efficiency,What are some examples of how businesses are using technology to innovate and drive efficiency?,Digitalisation Case Studies Showcasing how Businesses are Leveraging Technology to Innovatr and Drive Efficiency
"Meet the brilliant minds behind IDEAM Research Institute. Our team comprises dedicated researchers, scientists, and professionals who are passionate about making a difference. Their expertise, creativity, and commitment drive our research initiatives and contribute to our success. Get to know the people who make IDEAM a leader in innovation.",Why is IDEAM Research Institute a leader in innovation?,"their expertise, creativity, and commitment drive our research initiatives and contribute to our success"
"Meet the brilliant minds behind IDEAM Research Institute. Our team comprises dedicated researchers, scientists, and professionals who are passionate about making a difference. Their expertise, creativity, and commitment drive our research initiatives and contribute to our success. Get to know the people who make IDEAM a leader in innovation.",What is the name of the company that IDEAM Research Institute is a part of?,IDEAM Research Institute
"Meet the brilliant minds behind IDEAM Research Institute. Our team comprises dedicated researchers, scientists, and professionals who are passionate about making a difference. Their expertise, creativity, and commitment drive our research initiatives and contribute to our success. Get to know the people who make IDEAM a leader in innovation.",Who are the people behind IDEAM Research Institute?,"dedicated researchers, scientists, and professionals"
"IDEAM Institute is a premier research organisation dedicated to driving innovation and advancing knowledge across various scientific fields. Through our collaborative and interdisciplinary approach, we strive to address the world’s most pressing challenges and create impactful solutions.",What is the name of the institute that IDEAM Institute is a premier research organisation dedicated to driving innovation and advancing knowledge across various scientific fields?,"University of California, Berkeley"
"IDEAM Institute is a premier research organisation dedicated to driving innovation and advancing knowledge across various scientific fields. Through our collaborative and interdisciplinary approach, we strive to address the world’s most pressing challenges and create impactful solutions.",Why does IDEAM Institute strive to address the world’s most pressing challenges and create impactful solutions?,driven innovation and advancing knowledge across various scientific fields
"IDEAM Institute is a premier research organisation dedicated to driving innovation and advancing knowledge across various scientific fields. Through our collaborative and interdisciplinary approach, we strive to address the world’s most pressing challenges and create impactful solutions.",What does IDEAM Institute stand for?,IDEAM Institute
"At IDEAM Institute, our mission is to drive scientific innovation and technological advancements through collaborative research. We are committed to addressing the world's most pressing challenges by fostering a culture of curiosity, excellence, and sustainability. Our work aims to improve the quality of life and create a better future for generations to come.",What is IDEAM Institute's mission?,drive scientific innovation and technological advancements through collaborative research
"At IDEAM Institute, our mission is to drive scientific innovation and technological advancements through collaborative research. We are committed to addressing the world's most pressing challenges by fostering a culture of curiosity, excellence, and sustainability. Our work aims to improve the quality of life and create a better future for generations to come.",What is the mission of IDEAM Institute?,drive scientific innovation and technological advancements through collaborative research
"At IDEAM Institute, our mission is to drive scientific innovation and technological advancements through collaborative research. We are committed to addressing the world's most pressing challenges by fostering a culture of curiosity, excellence, and sustainability. Our work aims to improve the quality of life and create a better future for generations to come.","Why is IDEAM Institute committed to addressing the world's most pressing challenges by fostering a culture of curiosity, excellence, and sustainability?",drive scientific innovation and technological advancements through collaborative research
"Our vision is to be a global leader in research and innovation, recognized for our contributions to science, technology, and society. We strive to create an environment where researchers can thrive, ideas can flourish, and impactful solutions can be developed. Through our efforts, we aim to inspire future generations of scientists and innovators.","Why does the company strive to create an environment where researchers can thrive, ideas can flourish, and impactful solutions can be developed?",to be a global leader in research and innovation
"Our vision is to be a global leader in research and innovation, recognized for our contributions to science, technology, and society. We strive to create an environment where researchers can thrive, ideas can flourish, and impactful solutions can be developed. Through our efforts, we aim to inspire future generations of scientists and innovators.",What is the vision of the company?,to be a global leader in research and innovation
"We are always looking for passionate and talented individuals to join our team. Whether you are a researcher, student, or professional, IDEAM Institute offers a dynamic and supportive environment where you can grow and make a difference. Explore our career opportunities and become part of our innovative journey.",What is the name of the institute that is always looking for passionate and talented individuals to join their team?,IDEAM Institute
"We are always looking for passionate and talented individuals to join our team. Whether you are a researcher, student, or professional, IDEAM Institute offers a dynamic and supportive environment where you can grow and make a difference. Explore our career opportunities and become part of our innovative journey.",Why is IDEAM Institute a great place to work?,"Whether you are a researcher, student, or professional, IDEAM Institute offers a dynamic and supportive environment where you can grow and make a difference"
"We are always looking for passionate and talented individuals to join our team. Whether you are a researcher, student, or professional, IDEAM Institute offers a dynamic and supportive environment where you can grow and make a difference. Explore our career opportunities and become part of our innovative journey.",What is the name of the company that IDEAM Institute is a part of?,IBM
Objectives: DI4TEX aims to identify the digital needs in the advanced textile sector and develop a virtual training programme to equip employees with the necessary skills to drive digital transformation within their organisations.,What are the objectives of DI4TEX?,identify the digital needs in the advanced textile sector and develop a virtual training programme to equip employees with the necessary skills to drive digital transformation within their organisations
Objectives: DI4TEX aims to identify the digital needs in the advanced textile sector and develop a virtual training programme to equip employees with the necessary skills to drive digital transformation within their organisations.,What is the aim of DI4TEX?,identify the digital needs in the advanced textile sector and develop a virtual training programme to equip employees with the necessary skills to drive digital transformation within their organisations
Objectives: DI4TEX aims to identify the digital needs in the advanced textile sector and develop a virtual training programme to equip employees with the necessary skills to drive digital transformation within their organisations.,Why does DI4TEX want to identify the digital needs in the advanced textile sector?,to equip employees with the necessary skills to drive digital transformation within their organisations
"Objectives: ADDTEX aims to address the lack of in-house expertise of textile SMEs in digital tools as well as eco-efficient designs, materials and processes. The project consortium works together for a period of 3 years to facilitate the flow and co-creation of knowledge between higher education (HEI) and training (VET), research, public sector and business sector within the advanced textile materials sector to foster new, innovative and multidisciplinary approaches to teaching and learning.",What is the aim of ADDTEX?,"address the lack of in-house expertise of textile SMEs in digital tools as well as eco-efficient designs, materials and processes"
PIN SOC.CONS. A R.L. – SERVIZI DIDATTICI E SCIENTIFICI PER L UNIVERSITA DI FIRENZE,What is the name of the university that is a part of SOC.CONS. A R.L.?,Università di Linz
PIN SOC.CONS. A R.L. – SERVIZI DIDATTICI E SCIENTIFICI PER L UNIVERSITA DI FIRENZE,What is the PIN SOC.CONS. A R.L. – SERVIZI DIDATTICI E SCIENTIFICI PER L UNIVERSITA DI FIRENZE?,PIN SOC.CONS. A R.L. – SERVIZI DIDATTICI E SCIENTIFICI PER L UNIVERSITA DI FIRENZE
PIN SOC.CONS. A R.L. – SERVIZI DIDATTICI E SCIENTIFICI PER L UNIVERSITA DI FIRENZE,What is the full name of the person who is a member of the PIN SOC.CONS. A R.L. – SERVIZI DIDATTICI E SCIENTIFICI PER L UNIVERSITA DI FIRENZE?,Mauricio Pellegrini
"Objectives: xBUILD-EU aims to foster cross-sectoral collaboration between textile, construction and advanced technologies sectors to drive the implementation of more sustainable and digital solutions embracing the circular economy approach. strategic collaboration approaches and joint pilot services to address network creation, innovation, boosting the adoption of green and digital technologies as well as reskilling and upskilling needs. xBUILD-EU will launch 2 calls for proposals with a total 1.05M€ in funding for SMEs.",What is the aim of xBUILD-EU?,"foster cross-sectoral collaboration between textile, construction and advanced technologies sectors to drive the implementation of more sustainable and digital solutions embracing the circular economy approach"
"Objectives: xBUILD-EU aims to foster cross-sectoral collaboration between textile, construction and advanced technologies sectors to drive the implementation of more sustainable and digital solutions embracing the circular economy approach. strategic collaboration approaches and joint pilot services to address network creation, innovation, boosting the adoption of green and digital technologies as well as reskilling and upskilling needs. xBUILD-EU will launch 2 calls for proposals with a total 1.05M€ in funding for SMEs.",What are the objectives of xBUILD-EU?,drive the implementation of more sustainable and digital solutions embracing the circular economy approach
"Objectives: In Transit aims to strengthen the resilience of textile, aerospace and construction SMEs towards greener and more digital sectors through business model innovation, mixed support mechanisms including individual assessment support, lump sum funding and coaching to ensure their consolidation and sustainability.","Why does In Transit aim to strengthen the resilience of textile, aerospace and construction SMEs towards greener and more digital sectors?",to ensure their consolidation and sustainability
"Objectives: In Transit aims to strengthen the resilience of textile, aerospace and construction SMEs towards greener and more digital sectors through business model innovation, mixed support mechanisms including individual assessment support, lump sum funding and coaching to ensure their consolidation and sustainability.","In Transit aims to strengthen the resilience of textile, aerospace and construction SMEs towards what?",greener and more digital sectors
"Objectives: In Transit aims to strengthen the resilience of textile, aerospace and construction SMEs towards greener and more digital sectors through business model innovation, mixed support mechanisms including individual assessment support, lump sum funding and coaching to ensure their consolidation and sustainability.",What are the objectives of In Transit?,"strengthen the resilience of textile, aerospace and construction SMEs towards greener and more digital sectors"
"Athina-Erevnitiko Kentro Kainotomias Stis Technologies Tis Pliroforias, Ton Epikoinonion Kai Tis Gnosis","What is the name of Athina-Erevnitiko Kentro Kainotomias Stis Technologies Tis Pliroforias, Ton Epikoinonion Kai Tis Gnosis?","Athina-Erevnitiko Kentro Kainotomias Stis Technologies Tis Pliroforias, Ton Epikoinonion Kai Tis Gnosis"
"Athina-Erevnitiko Kentro Kainotomias Stis Technologies Tis Pliroforias, Ton Epikoinonion Kai Tis Gnosis","Athina-Erevnitiko Kentro Kainotomias Stis Technologies Tis Pliroforias, Ton Epikoinonion Kai Tis Gnosis?","""Tis Pliroforias, Ton Epikoinonion Kai Tis Gnosis"""
Objectives: Digi Manufacturing aims to establish collaborative innovation projects between members of the IDEAM Cluster and Manufacturing NI fostering the collective digital and green transition of their members.,What is the aim of Digi Manufacturing?,to establish collaborative innovation projects between members of the IDEAM Cluster and Manufacturing NI fostering the collective digital and green transition of their members
Objectives: Digi Manufacturing aims to establish collaborative innovation projects between members of the IDEAM Cluster and Manufacturing NI fostering the collective digital and green transition of their members.,Why does Digi Manufacturing want to establish collaborative innovation projects between members of the IDEAM Cluster and Manufacturing NI?,foster the collective digital and green transition of their members
Objectives: Digi Manufacturing aims to establish collaborative innovation projects between members of the IDEAM Cluster and Manufacturing NI fostering the collective digital and green transition of their members.,What is the purpose of Digi Manufacturing?,aims to establish collaborative innovation projects between members of the IDEAM Cluster and Manufacturing NI fostering the collective digital and green transition of their members
Objectives: Digi Manufacturing 2.0 aims to create and enhance new cross-border strategic value chains and enhance the green uptake between both Manufacturing NI and IDEAM Cluster manufacturing SMEs.,Why does Digi Manufacturing 2.0 aim to create and enhance new cross-border strategic value chains and enhance the green uptake between both Manufacturing NI and IDEAM Cluster manufacturing SMEs?,Objectives
Objectives: Digi Manufacturing 2.0 aims to create and enhance new cross-border strategic value chains and enhance the green uptake between both Manufacturing NI and IDEAM Cluster manufacturing SMEs.,What is the aim of Digi Manufacturing 2.0?,create and enhance new cross-border strategic value chains and enhance the green uptake between both Manufacturing NI and IDEAM Cluster manufacturing SMEs
"The Smarter Factory Technology Gateway Programme is co-financed by the Government of Ireland and the European Union through the ERDF Southern, Eastern & Midland Regional Programme 2021-2027.",How is the Smarter Factory Technology Gateway Programme funded?,"the Government of Ireland and the European Union through the ERDF Southern, Eastern & Midland Regional Programme 2021-2027"
"The Smarter Factory Technology Gateway Programme is co-financed by the Government of Ireland and the European Union through the ERDF Southern, Eastern & Midland Regional Programme 2021-2027.",Why is the Smarter Factory Technology Gateway programme co-financed?,"The Smarter Factory Technology Gateway Programme is co-financed by the Government of Ireland and the European Union through the ERDF Southern, Eastern & Midland Regional Programme 2021-2027"
"The Smarter Factory Technology Gateway Programme is co-financed by the Government of Ireland and the European Union through the ERDF Southern, Eastern & Midland Regional Programme 2021-2027.","The Smarter Factory Technology Gateway Programme is co-financed by the Government of Ireland and the European Union through the ERDF Southern, Eastern & Midland Regional Programme 2021-2027?","the ERDF Southern, Eastern & Midland Regional Programme"
